"Name","Id","StartTime","PagedMemorySize"
"chrome","32","29.01.2022 23:05:07","28700672"
"chrome","2520","30.01.2022 00:25:40","17416192"
"chrome","2664","29.01.2022 23:07:18","97099776"
"chrome","3836","29.01.2022 23:05:09","44486656"
"chrome","3940","29.01.2022 23:05:06","2048000"
"chrome","4396","29.01.2022 23:05:07","20217856"
"chrome","4504","30.01.2022 00:25:45","19775488"
"chrome","4620","29.01.2022 23:07:05","79966208"
"chrome","6408","30.01.2022 00:25:39","24711168"
"chrome","7448","29.01.2022 23:05:06","17596416"
"chrome","10028","29.01.2022 23:05:07","7643136"
"chrome","11060","29.01.2022 23:05:06","103567360"
"chrome","11368","29.01.2022 23:05:06","88211456"
